app名称,活跃开始时间,活跃结束时间
讯飞输入法,1660233931741,1660234547509
讯飞输入法,1660233931741,1660241141908
讯飞输入法,1660233931741,1660241754999
讯飞输入法,1660233931741,1660248342202
讯飞输入法,1660233931741,1660248962900
讯飞输入法,1660233931741,1660255542488
讯飞输入法,1660233931741,1660256170529
讯飞输入法,1660233931741,1660262742758
讯飞输入法,1660233931741,1660263378030
讯飞输入法,1660233931741,1660263462996
讯飞输入法,1660233931741,1660263978065
讯飞输入法,1660233931741,1660269943124
讯飞输入法,1660233931741,1660270585452
讯飞输入法,1660233931741,1660277143517
讯飞输入法,1660233931741,1660277792931
讯飞输入法,1660233931741,1660284343813
讯飞输入法,1660233931741,1660285000315
讯飞输入法,1660233931741,1660291544143
讯飞输入法,1660233931741,1660292207997
讯飞输入法,1660233931741,1660292808045
讯飞输入法,1660233931741,1660298744512
讯飞输入法,1660233931741,1660299415786
讯飞输入法,1660233931741,1660305344781
讯飞输入法,1660233931741,1660305726451
讯飞输入法,1660233931741,1660305726551
讯飞输入法,1660233931741,1660305944827
讯飞输入法,1660233931741,1660306623467
讯飞输入法,1660233931741,1660313145143
讯飞输入法,1660233931741,1660313830787
讯飞输入法,1660233931741,1660320345457
讯飞输入法,1660233931741,1660321038211
讯飞输入法,1660233931741,1660327546164
讯飞输入法,1660233931741,1660328245633
讯飞输入法,1660233931741,1660334746469
讯飞输入法,1660233931741,1660335453189
讯飞输入法,1660233931741,1660341946791
讯飞输入法,1660233931741,1660342660640
讯飞输入法,1660233931741,1660348547094
讯飞输入法,1660233931741,1660349147136
讯飞输入法,1660233931741,1660349868518
讯飞输入法,1660233931741,1660350468562
讯飞输入法,1660233931741,1660353878397
讯飞输入法,1660233931741,1660356347408
讯飞输入法,1660233931741,1660357076396
讯飞输入法,1660233931741,1660363547809
讯飞输入法,1660233931741,1660364284073
讯飞输入法,1660233931741,1660370748233
讯飞输入法,1660233931741,1660371491510
讯飞输入法,1660233931741,1660371738680
讯飞输入法,1660233931741,1660371738680
讯飞输入法,1660233931741,1660371738682
讯飞输入法,1660233931741,1660371738683
讯飞输入法,1660233931741,1660371859860
讯飞输入法,1660233931741,1660376266300
讯飞输入法,1660233931741,1660382361973
讯飞输入法,1660233931741,1660382613019
讯飞输入法,1660233931741,1660383211324
讯飞输入法,1660233931741,1660383444848
倒数日,1660383444857,1660383447901
倒数日,1660383444857,1660383447952
咚漫漫画,1660383447957,1660383450967
咚漫漫画,1660383447957,1660383451504
皮皮虾,1660383455695,1660383461020
皮皮虾,1660383455695,1660383476369
皮皮虾,1660383455695,1660383593294
皮皮虾,1660383455695,1660383593315
皮皮虾,1660383455695,1660383777590
皮皮虾,1660383455695,1660389973642
皮皮虾,1660383455695,1660389973674
皮皮虾,1660383455695,1660395187302
皮皮虾,1660383455695,1660406498688
皮皮虾,1660383455695,1660409701691
皮皮虾,1660383455695,1660409701692
皮皮虾,1660383455695,1660413836421
皮皮虾,1660383455695,1660413836431
皮皮虾,1660383455695,1660423117734
皮皮虾,1660383455695,1660423117735
皮皮虾,1660383455695,1660428349285
皮皮虾,1660383455695,1660428349293
皮皮虾,1660383455695,1660440106305
皮皮虾,1660383455695,1660441282270
皮皮虾,1660383455695,1660442495083
皮皮虾,1660383455695,1660442495133
皮皮虾,1660383455695,1660443185160
皮皮虾,1660383455695,1660443185162
皮皮虾,1660383455695,1660448793482
皮皮虾,1660383455695,1660450411099
皮皮虾,1660383455695,1660461880471
皮皮虾,1660383455695,1660483565383
皮皮虾,1660383455695,1660483566421
皮皮虾,1660383455695,1660483566939
皮皮虾,1660383455695,1660483568625
皮皮虾,1660383455695,1660483572588
皮皮虾,1660383455695,1660483572707
皮皮虾,1660383455695,1660483613454
皮皮虾,1660383455695,1660483685521
皮皮虾,1660383455695,1660483685653
皮皮虾,1660383455695,1660483687573
皮皮虾,1660383455695,1660483730356
皮皮虾,1660383455695,1660483730356
皮皮虾,1660383455695,1660483730357
文件管理,1660483739255,1660483757412
文件管理,1660483739255,1660483787186
设备信息,1660483787188,1660483815603
天眼查企业查询,1660483815611,1660483819673
天眼查企业查询,1660483815611,1660483822340
天眼查企业查询,1660483815611,1660483825971
天眼查企业查询,1660483815611,1660483826093
天眼查企业查询,1660483815611,1660483828022
天眼查企业查询,1660483815611,1660484166447
天眼查企业查询,1660483815611,1660484347641
天眼查企业查询,1660483815611,1660490782296
天眼查企业查询,1660483815611,1660490979467
天眼查企业查询,1660483815611,1660490979612
天眼查企业查询,1660483815611,1660490981519
天眼查企业查询,1660483815611,1660491578501
信息,1660497332403,1660497338635
信息,1660497332403,1660498060843
信息,1660497332403,1660499224323
信息,1660499227227,1660499236907
信息,1660499227227,1660499238919
电话,1660499238923,1660499391887
电话,1660499238923,1660519592134
电话,1660499238923,1660519867435
电话,1660499238923,1660523101390
电话,1660499238923,1660526681909
电话,1660499238923,1660527174368
电话,1660499238923,1660528645530
电话,1660499238923,1660535579558
电话,1660499238923,1660535880453
电话,1660499238923,1660536480466
电话,1660499238923,1660541689271
电话,1660499238923,1660542289320
电话,1660499238923,1660543170593
电话,1660499238923,1660543770674
电话,1660499238923,1660544075055
电话,1660499238923,1660544075055
电话,1660499238923,1660548992647
电话,1660499238923,1660549592669
电话,1660499238923,1660550390396
电话,1660499238923,1660555580086
电话,1660499238923,1660555597447
文件管理,1660555597465,1660555609798
设置,1660555629988,1660555649573
论文数据,1660555649866,1660555799816
设置,1660555799834,1660555945488
设置,1660555799834,1660555945596
设置,1660555947075,1660555964979
设置,1660555966079,1660555985065
论文数据,1660555985160,1660556025191
设置,1660556025201,1660556054246
论文数据,1660556054331,1660556197472
论文数据,1660556054331,1660556200021
论文数据,1660556054331,1660556635412
论文数据,1660556054331,1660556636870
论文数据,1660556054331,1660558194516
设置,1660558194516,1660558201541
论文数据,1660558206010,1660561379391
设置,1660561379401,1660561382497
论文数据,1660561382498,1660562526573
论文数据,1660561382498,1660562740310
设备信息,1660562740313,1660562924094
设备信息,1660562740313,1660562924139
设备信息,1660562740313,1660585500959
设备信息,1660562740313,1660585500959
设备信息,1660562740313,1660586508761
设备信息,1660562740313,1660606801769
设备信息,1660562740313,1660608739619
设备信息,1660562740313,1660611569914
设备信息,1660562740313,1660614941042
设备信息,1660562740313,1660616238858
设备信息,1660562740313,1660617348682
设备信息,1660562740313,1660617348683
设备信息,1660562740313,1660617348683
设备信息,1660562740313,1660623368467
设备信息,1660562740313,1660624358094
设备信息,1660562740313,1660630594412
设备信息,1660562740313,1660665703958
设备信息,1660562740313,1660665704012
设备信息,1660562740313,1660672906111
设备信息,1660562740313,1660672906112
设备信息,1660562740313,1660672906113
设备信息,1660562740313,1660672928030
设备信息,1660562740313,1660681015961
设备信息,1660562740313,1660687375892
设备信息,1660562740313,1660693855633
设备信息,1660562740313,1660694583793
设备信息,1660562740313,1660698003990
设备信息,1660562740313,1660700125318
设备信息,1660562740313,1660708801276
设备信息,1660562740313,1660709243991
设备信息,1660562740313,1660711443650
设备信息,1660562740313,1660711615446
设备信息,1660562740313,1660716666589
设备信息,1660562740313,1660721077503
设备信息,1660562740313,1660752098238
设备信息,1660562740313,1660752098808
设备信息,1660562740313,1660752736256
设备信息,1660562740313,1660759593214
设备信息,1660562740313,1660760816679
设备信息,1660562740313,1660767009148
设备信息,1660562740313,1660771020055
设备信息,1660562740313,1660774534084
设备信息,1660562740313,1660780865502
设备信息,1660562740313,1660781463753
设备信息,1660562740313,1660781735988
设备信息,1660562740313,1660785316868
设备信息,1660562740313,1660785781407
设备信息,1660562740313,1660787444473
设备信息,1660562740313,1660788978939
设备信息,1660562740313,1660793795441
设备信息,1660562740313,1660796203880
设备信息,1660562740313,1660802554970
设备信息,1660562740313,1660807214502
设备信息,1660562740313,1660807224253
设备信息,1660562740313,1660807240537
Test,1660807240539,1660807569292
Test,1660807240539,1660807662338
Test,1660807240539,1660807868889
Test,1660807240539,1660811771254
Test,1660807240539,1660838497665
Test,1660807240539,1660838503090
Test,1660807240539,1660838503099
Test,1660807240539,1660844510401
Test,1660807240539,1660846015601
Test,1660807240539,1660849309351
Test,1660807240539,1660853376665
Test,1660807240539,1660863548237
Test,1660807240539,1660868063186
Test,1660807240539,1660868749005
Test,1660807240539,1660869326207
Test,1660807240539,1660872291216
Test,1660807240539,1660875138116
Test,1660807240539,1660879801340
Test,1660807240539,1660881206163
Test,1660807240539,1660886760008
Test,1660807240539,1660893778339
Test,1660807240539,1660896911254
Test,1660807240539,1660897500921
Test,1660807240539,1660898713097
Test,1660807240539,1660909059222
Test,1660807240539,1660909063461
Test,1660807240539,1660912063031
Test,1660807240539,1660912064998
Test,1660807240539,1660924898702
Test,1660807240539,1660924977234
Test,1660807240539,1660932861798
Test,1660807240539,1660935111662
Test,1660807240539,1660937376251
Test,1660807240539,1660939800509
Test,1660807240539,1660941615495
Test,1660807240539,1660942501500
Test,1660807240539,1660952689779
Test,1660807240539,1660955824976
Test,1660807240539,1660956431793
Test,1660807240539,1660959271341
Test,1660807240539,1660959601719
Test,1660807240539,1660960482015
Test,1660807240539,1660961798315
Test,1660807240539,1660962516285
Test,1660807240539,1660963967373
Test,1660807240539,1660966750306
Test,1660807240539,1660968642039
Test,1660807240539,1660969025247
Test,1660807240539,1660972201271
Test,1660807240539,1660975139610
Test,1660807240539,1660976247173
Test,1660807240539,1660977645158
Test,1660807240539,1660978655161
Test,1660807240539,1660979401109
Test,1660807240539,1661011297974
Test,1660807240539,1661011298388
Test,1660807240539,1661011298511
Test,1660807240539,1661014841100
Test,1660807240539,1661018507974
Test,1660807240539,1661019900946
Test,1660807240539,1661025757713
Test,1660807240539,1661028901677
Test,1660807240539,1661032980665
Test,1660807240539,1661037797592
Test,1660807240539,1661040206594
Test,1660807240539,1661040622540
Test,1660807240539,1661083938686
Test,1660807240539,1661083938686
Test,1660807240539,1661083938686
Test,1660807240539,1661083938687
Test,1660807240539,1661083938687
Test,1660807240539,1661083938687
Test,1660807240539,1661083938688
Test,1660807240539,1661083938698
Test,1660807240539,1661083938698
Test,1660807240539,1661083938699
Test,1660807240539,1661083938699
Test,1660807240539,1661083938699
Test,1660807240539,1661083938699
Test,1660807240539,1661083938700
Test,1660807240539,1661083938700
Test,1660807240539,1661083938700
Test,1660807240539,1661083938700
Test,1660807240539,1661083938700
Test,1660807240539,1661083938701
Test,1660807240539,1661083938701
Test,1660807240539,1661083938701
Test,1660807240539,1661083938701
Test,1660807240539,1661083938701
Test,1660807240539,1661083938701
Test,1660807240539,1661083938701
Test,1660807240539,1661083938701
Test,1660807240539,1661083938702
Test,1660807240539,1661083938702
Test,1660807240539,1661083938702
Test,1660807240539,1661083938702
Test,1660807240539,1661083938702
Test,1660807240539,1661083938702
Test,1660807240539,1661083938702
Test,1660807240539,1661083938702
Test,1660807240539,1661083938702
Test,1660807240539,1661083938703
Test,1660807240539,1661083938703
Test,1660807240539,1661083938703
Test,1660807240539,1661083938703
Test,1660807240539,1661083938703
Test,1660807240539,1661083938703
Test,1660807240539,1661083938703
Test,1660807240539,1661083938704
Test,1660807240539,1661083938704
Test,1660807240539,1661083938704
Test,1660807240539,1661083938704
Test,1660807240539,1661083938704
Test,1660807240539,1661083938704
Test,1660807240539,1661083938705
Test,1660807240539,1661083938705
Test,1660807240539,1661083938705
Test,1660807240539,1661083938705
Test,1660807240539,1661083938705
Test,1660807240539,1661083938706
Test,1660807240539,1661083938706
Test,1660807240539,1661083938706
Test,1660807240539,1661083938706
Test,1660807240539,1661083938706
Test,1660807240539,1661083938706
Test,1660807240539,1661083938706
Test,1660807240539,1661083938706
Test,1660807240539,1661083938707
Test,1660807240539,1661083938707
Test,1660807240539,1661083938707
Test,1660807240539,1661083938707
Test,1660807240539,1661083938707
Test,1660807240539,1661083938707
Test,1660807240539,1661083938707
Test,1660807240539,1661083938708
Test,1660807240539,1661083938708
Test,1660807240539,1661083938708
Test,1660807240539,1661083938708
Test,1660807240539,1661083938708
Test,1660807240539,1661083938709
Test,1660807240539,1661083938709
Test,1660807240539,1661083938709
Test,1660807240539,1661083938709
Test,1660807240539,1661083938709
Test,1660807240539,1661083938709
Test,1660807240539,1661083938710
Test,1660807240539,1661083938710
Test,1660807240539,1661083938710
Test,1660807240539,1661083938710
Test,1660807240539,1661083938710
Test,1660807240539,1661083938710
Test,1660807240539,1661083938710
Test,1660807240539,1661083938710
Test,1660807240539,1661083938710
Test,1660807240539,1661083938710
Test,1660807240539,1661083938710
Test,1660807240539,1661083938711
Test,1660807240539,1661083938711
Test,1660807240539,1661083938711
Test,1660807240539,1661083938711
Test,1660807240539,1661083938711
Test,1660807240539,1661083938711
Test,1660807240539,1661083938711
Test,1660807240539,1661083938711
Test,1660807240539,1661083938711
Test,1660807240539,1661083938711
Test,1660807240539,1661083938717
Test,1660807240539,1661083938722
Test,1660807240539,1661083938722
Test,1660807240539,1661083938722
Test,1660807240539,1661083938726
Test,1660807240539,1661083938733
Test,1660807240539,1661083938734
Test,1660807240539,1661083938734
Test,1660807240539,1661083938734
Test,1660807240539,1661083938734
Test,1660807240539,1661083938735
Test,1660807240539,1661083938735
Test,1660807240539,1661083938735
Test,1660807240539,1661083938735
Test,1660807240539,1661083938735
Test,1660807240539,1661083938735
Test,1660807240539,1661083938735
设置,1661083938930,1661083947548
设置,1661083938930,1661083947549
设置,1661083938930,1661083949898
设置,1661083938930,1661083949925
设置,1661083938930,1661083950044
设置,1661083938930,1661083950116
设置,1661083938930,1661083950134
设置,1661083938930,1661083950325
设置,1661083938930,1661083950511
设置,1661083938930,1661083950512
设置,1661083938930,1661083950674
设置,1661083938930,1661083950716
设置,1661083938930,1661083952110
设置,1661083938930,1661083952121
番茄ToDo,1661083952563,1661084007774
流量审计SDK,1661084007870,1661084016709
流量审计SDK,1661084007870,1661084065708
设置,1661084065717,1661084072819
流量审计SDK,1661084072839,1661084129467
流量审计SDK,1661084131637,1661084135608
流量审计SDK,1661084138567,1661084491074